{"26405488_left": {"extrinsics": [0.1113325872574514, 0.8207481722451926, 0.04550905451430457, -1.64633974845365, -0.17857016318886476, -2.937663676632542], "timestamp": 1673597556.0704472}, "26405488_right": {"extrinsics": [-0.009417838799177, 0.7972668750161092, 0.0693151223699266, -1.6473025257925253, -0.18917295438381165, -2.942218897492042], "timestamp": 1673597557.3687217}, "19824535_left": {"extrinsics": [-0.0717602304977194, 0.030249862259127624, 0.021643582113360413, -0.3201233045544541, 0.011538308060483393, -1.5542739683577995], "timestamp": 1677640305.563582}, "19824535_right": {"extrinsics": [-0.07209363797258528, -0.03281813906864135, 0.017998755195879203, -0.32436696405490206, 0.009836032172402032, -1.5537792796597742], "timestamp": 1677640307.1347077}, "29838012_left": {"extrinsics": [0.48053273182223366, 0.5299654036057586, 0.245660085619809, -1.7616685685460647, -0.062440740186523014, -2.8936810407747586], "timestamp": 1677644648.9452915}, "29838012_right": {"extrinsics": [0.3641555537882152, 0.5006484976427618, 0.25361832494780456, -1.7581883435321213, -0.05917235893410688, -2.8914558088258975], "timestamp": 1677644651.0903218}, "23404442_left": {"extrinsics": [0.27212356897748596, -0.5628994740676119, 0.578296048242444, -2.049162252569442, -0.008677350714102472, -0.4644689436266725], "timestamp": 1677645446.151356}, "23404442_right": {"extrinsics": [0.38193119566889644, -0.6156794427147317, 0.5789577989139892, -2.048677647928307, -0.01110392356986023, -0.46396051060922266], "timestamp": 1677645447.989981}, "23748752_left": {"intrinsics": [[520.81640625, 0.0, 666.0416870117188], [0.0, 520.81640625, 365.0624694824219], [0.0, 0.0, 1.0]], "extrinsics": [0.05279730801560678, 0.28195368843599566, 0.42684318792116144, -1.953039386027601, -0.11005349199187475, -1.808802725362531], "timestamp": 1764123543.9328191}, "23748752_right": {"intrinsics": [[520.81640625, 0.0, 666.0416870117188], [0.0, 520.81640625, 365.0624694824219], [0.0, 0.0, 1.0]], "extrinsics": [0.02359948376169982, 0.17046384750022633, 0.43818435332462335, -1.9506823544975247, -0.11798995966002424, -1.8097998221046634], "timestamp": 1764123546.515086}, "14436910_left": {"extrinsics": [-0.078897887371197, 0.03085165396503867, 0.018675283951372457, -0.31780587508351393, -0.010403458243132935, -1.5626415295149674], "timestamp": 1680290675.504063}, "14436910_right": {"extrinsics": [-0.0780005523057329, -0.03117602292655163, 0.022046025999583656, -0.31558305037111095, -0.011018474340334983, -1.5646779711861631], "timestamp": 1680290678.201517}, "15512737_left": {"extrinsics": [-0.07467434278660992, 0.03436789000582314, 0.012975016332521242, -0.35200591251143076, -0.024987213687640786, -1.552388611773612], "intrinsics": [[735.8, 0.0, 636.1], [0.0, 735.8, 362.6], [0.0, 0.0, 1.0]], "timestamp": 1745372486.55371}, "15512737_right": {"extrinsics": [-0.07331077425180198, -0.027293940251696763, 0.0153485272934027, -0.34946731249607554, -0.024883364534649566, -1.5522123583215857], "intrinsics": [[735.8, 0.0, 636.1], [0.0, 735.8, 362.6], [0.0, 0.0, 1.0]], "timestamp": 1745372489.2632012}, "27085680_left": {"intrinsics": [[528.1298217773438, 0.0, 636.7890014648438], [0.0, 528.1298217773438, 372.2545166015625], [0.0, 0.0, 1.0]], "extrinsics": [0.11827518096113343, -0.4451013610606448, 0.5309883918348559, -2.0730845723257545, 0.001705153154601069, -0.8240302679862537], "timestamp": 1744252572.1817153}, "27085680_right": {"intrinsics": [[528.1298217773438, 0.0, 636.7890014648438], [0.0, 528.1298217773438, 372.2545166015625], [0.0, 0.0, 1.0]], "extrinsics": [0.1953154130122319, -0.5332012392665888, 0.5306891875864919, -2.077355322495592, 0.0005936631723137964, -0.8277927058181802], "timestamp": 1744252574.7524354}, "23007103_left": {"intrinsics": [[523.3589477539062, 0.0, 635.1614379882812], [0.0, 523.3589477539062, 374.63385009765625], [0.0, 0.0, 1.0]], "extrinsics": [-0.055978991719097725, -0.5729451443305347, 0.8027691126118053, -2.1753562787105025, 0.01545027031335322, -0.9644538500356679], "timestamp": 1745105908.8542695}, "23007103_right": {"intrinsics": [[523.3589477539062, 0.0, 635.1614379882812], [0.0, 523.3589477539062, 374.63385009765625], [0.0, 0.0, 1.0]], "extrinsics": [0.020850524405631246, -0.664646969085986, 0.7981318411237208, -2.17528340746742, 0.009511734825491391, -0.963294071428809], "timestamp": 1745105912.9177244}, "25455306_left": {"intrinsics": [[527.5393676757812, 0.0, 633.5364379882812], [0.0, 527.5393676757812, 366.9621887207031], [0.0, 0.0, 1.0]], "extrinsics": [-0.06915949625329282, -0.579788922166829, 0.7832384233166112, -2.2391780528477554, -0.052407773547745284, -0.8430822691857935], "timestamp": 1746569050.449555}, "25455306_right": {"intrinsics": [[527.5393676757812, 0.0, 633.5364379882812], [0.0, 527.5393676757812, 366.9621887207031], [0.0, 0.0, 1.0]], "extrinsics": [0.0043916273430537195, -0.6566715592034729, 0.7926669368254008, -2.2385993230409698, -0.05510005727565748, -0.8603590440809905], "timestamp": 1746569052.8856804}, "26368109_left": {"intrinsics": [[526.9390258789062, 0.0, 631.6224365234375], [0.0, 526.9390258789062, 367.0109558105469], [0.0, 0.0, 1.0]], "extrinsics": [-0.03583136410406629, 0.6416901260317711, 0.755755466514709, -2.0401447154372785, -0.011817592815240419, -2.3559610477828365], "timestamp": 1776976638.724101}, "26368109_right": {"intrinsics": [[526.9390258789062, 0.0, 631.6224365234375], [0.0, 526.9390258789062, 367.0109558105469], [0.0, 0.0, 1.0]], "extrinsics": [-0.11474923223694877, 0.5559142505280772, 0.7619774705935993, -2.0454452219349024, -0.01516031449013644, -2.3588505281414918], "timestamp": 1776976641.7133417}}