{
  "26405488_left": {
    "pose": [
      0.1113325872574514,
      0.8207481722451926,
      0.04550905451430457,
      -1.64633974845365,
      -0.17857016318886476,
      -2.937663676632542
    ],
    "timestamp": 1673597556.0704472
  },
  "26405488_right": {
    "pose": [
      -0.009417838799177,
      0.7972668750161092,
      0.0693151223699266,
      -1.6473025257925253,
      -0.18917295438381165,
      -2.942218897492042
    ],
    "timestamp": 1673597557.3687217
  },
  "19824535_left": {
    "pose": [
      -0.07528310648512061,
      0.02872136764193708,
      0.023316565592628957,
      -0.3255773557130956,
      0.006247432431090383,
      -1.562874530416053
    ],
    "timestamp": 1680893804.7454631
  },
  "19824535_right": {
    "pose": [
      -0.06961440752114842,
      -0.035396599227355253,
      0.020410786906711484,
      -0.31886273624702377,
      0.007822018427507738,
      -1.552143062181081
    ],
    "timestamp": 1680893807.0068362
  },
  "29838012_left": {
    "pose": [
      0.41548840480128696,
      0.4775470950869088,
      0.4114322255308952,
      -2.2160410202605263,
      -0.02257694787387754,
      -2.963723863071196
    ],
    "timestamp": 1686263782.2506583
  },
  "29838012_right": {
    "pose": [
      0.294022371612491,
      0.45672117609819446,
      0.4111009411005134,
      -2.2079948175639927,
      -0.01940119744356439,
      -2.959776211707233
    ],
    "timestamp": 1686263784.2242827
  },
  "23404442_left": {
    "pose": [
      0.25955495037528126,
      -0.5001018266363574,
      0.436881899751338,
      -2.2773456296459424,
      0.3361897716248827,
      -0.5369007045203406
    ],
    "timestamp": 1686263149.2820735
  },
  "23404442_right": {
    "pose": [
      0.3520388119867355,
      -0.5577297192334658,
      0.4018245547798702,
      -2.279806362246719,
      0.34639742666205775,
      -0.5475215836690435
    ],
    "timestamp": 1686263151.7758524
  },
  "27085680_left": {
    "pose": [
      0.3507986003927481,
      -0.4621446681179101,
      0.9060853566811777,
      -2.5889185768466088,
      -0.04882634242322337,
      -0.2832673362418734
    ],
    "timestamp": 1763926178.1067407
  },
  "27085680_right": {
    "pose": [
      0.4864963169811285,
      -0.5266535045772491,
      0.8887667749042272,
      -2.6049105159016044,
      -0.015451375955964464,
      -0.2545998967057097
    ],
    "timestamp": 1763926179.9459069
  },
  "15512737_left": {
    "pose": [
      -0.07742767713896535,
      0.03390608016153137,
      0.012796629318528062,
      -0.2364861733689244,
      -0.003906582704455319,
      -1.564119746368445
    ],
    "timestamp": 1776244691.6568203
  },
  "15512737_right": {
    "pose": [
      -0.07890425707799555,
      -0.02656867033543525,
      0.011255200288039644,
      -0.2392546806306799,
      -0.008587806064250136,
      -1.565630590740688
    ],
    "timestamp": 1776244694.3606086
  },
  "25455306_left": {
    "pose": [
      -0.04749509775584921,
      -0.5682027458246004,
      0.7792480122107831,
      -2.0898774515408247,
      -0.09185540613769283,
      -0.9806632842689778
    ],
    "timestamp": 1776244342.5215938
  },
  "25455306_right": {
    "pose": [
      0.018334937228251816,
      -0.6724286442636402,
      0.7888581004528382,
      -2.088491592322205,
      -0.0842427995192514,
      -0.9777324828320904
    ],
    "timestamp": 1776244345.4026232
  },
  "26368109_left": {
    "pose": [
      -0.0509511683945677,
      0.6522635218814944,
      0.7559000124307804,
      -2.0459058443302,
      -0.012478284956202623,
      -2.3467625462654746
    ],
    "timestamp": 1776244039.4271626
  },
  "26368109_right": {
    "pose": [
      -0.1253178558348599,
      0.5714678735825398,
      0.763464340595434,
      -2.0411317881841233,
      -0.03425682757249904,
      -2.346297579850252
    ],
    "timestamp": 1776244042.0918133
  },
  "14436910_left": {
    "pose": [
      -0.07583141802597487,
      0.03267503243472831,
      0.013367211484211956,
      -0.2931837692412622,
      -0.002501448067752987,
      -1.5810548694628022
    ],
    "timestamp": 1774261640.0979862
  },
  "14436910_right": {
    "pose": [
      -0.07649979874253762,
      -0.028382948515259358,
      0.013373729210774203,
      -0.2937551978942161,
      -0.0003811558377595503,
      -1.5835928406288264
    ],
    "timestamp": 1774261643.1772692
  }
}