{"26405488_left": {"pose": [0.1113325872574514, 0.8207481722451926, 0.04550905451430457, -1.64633974845365, -0.17857016318886476, -2.937663676632542], "timestamp": 1673597556.0704472}, "26405488_right": {"pose": [-0.009417838799177, 0.7972668750161092, 0.0693151223699266, -1.6473025257925253, -0.18917295438381165, -2.942218897492042], "timestamp": 1673597557.3687217}, "19824535_left": {"pose": [-0.07528310648512061, 0.02872136764193708, 0.023316565592628957, -0.3255773557130956, 0.006247432431090383, -1.562874530416053], "timestamp": 1680893804.7454631}, "19824535_right": {"pose": [-0.06961440752114842, -0.035396599227355253, 0.020410786906711484, -0.31886273624702377, 0.007822018427507738, -1.552143062181081], "timestamp": 1680893807.0068362}, "29838012_left": {"pose": [0.41548840480128696, 0.4775470950869088, 0.4114322255308952, -2.2160410202605263, -0.02257694787387754, -2.963723863071196], "timestamp": 1686263782.2506583}, "29838012_right": {"pose": [0.294022371612491, 0.45672117609819446, 0.4111009411005134, -2.2079948175639927, -0.01940119744356439, -2.959776211707233], "timestamp": 1686263784.2242827}, "23404442_left": {"pose": [0.25955495037528126, -0.5001018266363574, 0.436881899751338, -2.2773456296459424, 0.3361897716248827, -0.5369007045203406], "timestamp": 1686263149.2820735}, "23404442_right": {"pose": [0.3520388119867355, -0.5577297192334658, 0.4018245547798702, -2.279806362246719, 0.34639742666205775, -0.5475215836690435], "timestamp": 1686263151.7758524}, "27085680_left": {"pose": [0.3605429368465403, -0.6073361782868101, 0.8690836913831418, -2.4042904961960287, 0.011816376756241809, -0.5417042873347391], "timestamp": 1775171161.9439623}, "27085680_right": {"pose": [0.45143294606495665, -0.6690014512905942, 0.8728102322837424, -2.4095219775461647, 0.007029623895340009, -0.5632147170375059], "timestamp": 1775171165.12462}, "15512737_left": {"pose": [-0.0739895110902217, 0.032706837394819284, 0.015096891853131657, -0.3354843305641956, 0.006177026936541097, -1.546937087798204], "timestamp": 1756465283.4922163}, "15512737_right": {"pose": [-0.07312066020060944, -0.02858957453177705, 0.011554336939983614, -0.33488555402862263, 0.009049386041065421, -1.5522525815085773], "timestamp": 1756465285.681695}, "25455306_left": {"pose": [-0.06875450840532402, -0.5924730188423132, 0.7663725019107368, -2.0857452454702425, -0.08212257301068737, -0.9238105030138746], "timestamp": 1774978674.9122174}, "25455306_right": {"pose": [-0.00032216350820296613, -0.6799114274181233, 0.7812422522659943, -2.093207502759876, -0.08277392002593231, -0.9424053342863286], "timestamp": 1774978677.929257}, "26368109_left": {"pose": [-0.037086345956874434, 0.6422724558218917, 0.7621518073970956, -2.049719317418595, -0.002923682412273365, -2.319966451084489], "timestamp": 1774930891.4472482}, "26368109_right": {"pose": [-0.12074030569023417, 0.5527308360652581, 0.7562495421065993, -2.043959382015214, -0.0046935422611324995, -2.32745447459416], "timestamp": 1774930893.8353062}, "14436910_left": {"pose": [-0.07481739649827475, 0.033608514369419036, 0.012050892345822335, -0.31442806076374463, -0.005608379475589453, -1.5825369397242754], "timestamp": 1772608174.8036354}, "14436910_right": {"pose": [-0.07614892618701871, -0.027154154604900983, 0.013431095109905396, -0.31688217486935955, -0.00019119988002191945, -1.5834513587686798], "timestamp": 1772608177.49933}, "23748752_left": {"pose": [0.4449008884970286, 0.8066664021050729, 0.20621168523621242, -1.5091979291934894, -0.05143661676194888, -3.076917944833153], "timestamp": 1771816037.2617283}, "23748752_right": {"pose": [0.3503300520133459, 0.8097156002871544, 0.21487231583447514, -1.5076169475591525, -0.10473774367006916, -3.0729412430583976], "timestamp": 1771816038.4436274}}